select 1;
insert into GENR (ID, NAME) values
(1, 'Russian classics'),
(2, 'Contemporary prose'),
(3, 'World classics'),
(4, 'Drama'),
(5, 'Mystic'),
(6, 'Humor'),
(7, 'Fable'),
(8, 'Fantasy'),
(9, 'Military prose'),
(10 ,'Fantasy'),
(11, 'Poem'),
(12, 'Piece'),
(13, 'Military prose'),
(14, 'Fairy Tale');

insert into AUTHORS (id, name) values
(1, 'Alexander Pushkin'),
(2, 'Mikhail Bulgakov'),
(3, 'Ilya Petrov'),
(4, 'Kataev'),
(5, 'Fyodor Dostoevsky'),
(6, 'Ivan Krylov'),
(7, 'Mikhail Lermontov'),
(8, 'Victor Pelevin'),
(9, 'Glory to Se'),
(10, 'Homer'),
(11, 'William Shakespeare'),
(12, 'Oscar Wilde'),
(13, 'Francis Scott Fitzgerald'),
(14, 'Jerome David Salinger'),
(15, 'Antoine de Saint-Exupéry'),
(16, 'Hans Christian Andersen'),
(17, 'The Brothers Grimm');

insert into BOOKS (id, name, author_id) values
 (1, 'The Master and Margarita', 3),
 (2, 'Twelve chairs', 4),
 (3, 'Idiot', 5),
 (4, 'Monkey and glasses', 6),
 (5, 'Mtsyri', 7),
 (6, 'Chapaev and Void', 8),
 (7, 'Book Thief', 9),
 (8, 'The plumber, his cat, wife and other details', 10),
 (9, 'The Witchers Last Wish', 11),
 (10, 'The Witcher Sword of Destiny', 11),
 (11, 'The Witcher. Elven Blood', 11),
 (12, 'The Witcher Baptism of Fire', 11),
 (13, 'The Witcher. Tower of the Swallow', 11),
 (14, 'The Witcher. Lady of the Lake', 11),
 (15, 'The Witcher Season of Thunderstorms', 11),
 (16, 'Iliad', 12),
 (17, 'King Lear', 13),
 (18, 'Portrait of Dorian Gray', 14),
 (19, 'The Great Gatsby', 15),
 (20, 'The Catcher in the Rye', 16),
 (21, 'The Little Prince', 17),
 (22, 'Thumbelina', 17),
 (23, 'The Bremen Town Musicians', 17);

insert into BOOK_GENR(book_id, genre_id) values
(1, 1),
(2, 1),
(2, 2),
(3, 1),
(3, 2),
(4, 3),
(4, 6),
( 4, 7),
( 5, 3),
( 5, 8),
( 6, 3),
( 6, 6),
( 7, 3),
( 7, 9),
( 8, 3),
( 8, 13),
( 9, 4),
( 9, 10),
(10, 4),
(10, 11),
(11, 4),
(11, 8),
(12, 4),
(12, 12),
(13, 4),
(13, 12),
(14, 4),
(14, 12),
(15, 4),
(15, 12),
(16, 4),
(16, 12);